C13,68K_A\V\E\C\,IO_43
A19,68K_A0,IO_11
B19,68K_A1,IO_26
F18,68K_A2,IO_120
J22,68K_A2_MEM,IO_190
C19,68K_A3,IO_49
H22,68K_A3_MEM,IO_172
D19,68K_A4,IO_75
E19,68K_A5,IO_99
G17,68K_A6,IO_145
F19,68K_A7,IO_121
B23,68K_A8,IO_29
H17,68K_A9,IO_169
E7,68K_A10,IO_90
J10,68K_A11,IO_182
F7,68K_A12,IO_112
G7,68K_A13,IO_135
C6,68K_A14,IO_36
D6,68K_A15,IO_62
F8,68K_A16,IO_113
E5,68K_A17,IO_89
A4,68K_A18,IO_2
G8,68K_A19,IO_136
B4,68K_A20,IO_18
C4,68K_A21,IO_34
D4,68K_A22,IO_60
C9,68K_A23,IO_39
E4,68K_A24,IO_88
D9,68K_A25,IO_65
H8,68K_A26,IO_162
A3,68K_A27,IO_1
G9,68K_A28,IO_137
B3,68K_A29,IO_17
A8,68K_A30,IO_5
C3,68K_A31,IO_33
C18,68K_B\B\,IO_48
C14,68K_B\G\,IO_44
A21,68K_B\R\,IO_12
D5,68K_BCLK,IO_61/PLL3_CLKp
F11,68K_C\D\I\S\,IO_115
C7,68K_C\I\O\U\T\,IO_37
B8,68K_D0,IO_21
C8,68K_D1,IO_38
D10,68K_D2,IO_66
A7,68K_D3,IO_4
D8,68K_D4,IO_64
E10,68K_D5,IO_92
G11,68K_D6,IO_139
E11,68K_D7,IO_93
A11,68K_D8,IO_7
B11,68K_D9,IO_23
G12,68K_D10,IO_140
E12,68K_D11,IO_94
A12,68K_D12,IO_8
H13,68K_D13,IO_165
J14,68K_D14,IO_185
E14,68K_D15,IO_95
G13,68K_D16,IO_141
J15,68K_D17,IO_186
H14,68K_D18,IO_166
E15,68K_D19,IO_96
H16,68K_D20,IO_168
A17,68K_D21,IO_9
G16,68K_D22,IO_144
D15,68K_D23,IO_71
B18,68K_D24,IO_25
D16,68K_D25,IO_72
A18,68K_D26,IO_10
C16,68K_D27,IO_46
A22,68K_D28,IO_13
J17,68K_D29,IO_188
G18,68K_D30,IO_146
A23,68K_D31,IO_14
E24,68K_F\L\A\S\H\_\C\S\0\,IO_102
B22,68K_F\L\A\S\H\_\C\S\1\,IO_28
F22,68K_F\L\A\S\H\_\O\E\,IO_123
C22,68K_F\L\A\S\H\_\W\E\,IO_52
B7,68K_I\P\E\N\D\,IO_20
F12,68K_I\P\L\0\,IO_116
H12,68K_I\P\L\1\,IO_164
C11,68K_I\P\L\2\,IO_41
C10,68K_L\F\O\ - PLL,IO_40
B21,68K_L\O\C\K\,IO_27
C21,68K_L\O\C\K\E\,IO_51
B10,68K_LOC - PLL,IO_22
D11,68K_M\D\I\S\,IO_67
D17,68K_M\I\,IO_73
J16,68K_PST0,IO_187
G15,68K_PST1,IO_143
H15,68K_PST2,IO_167
B17,68K_PST3,IO_24
F17,68K_R/W\,IO_119
D12,68K_R\E\S\E\T\_\I\N\,IO_68
F10,68K_R\E\S\E\T\_\O\U\T\,IO_114
D22,68K_R\S\T\ - FLASH,IO_78
A10,68K_S\C\D\ - PLL,IO_6
C25,68K_S\R\A\M\_\B\E\0\,IO_55
C24,68K_S\R\A\M\_\B\E\1\,IO_54
A26,68K_S\R\A\M\_\B\E\2\,IO_16
A25,68K_S\R\A\M\_\B\E\3\,IO_15
B26,68K_S\R\A\M\_\C\S\0\,IO_31
B25,68K_S\R\A\M\_\C\S\1\,IO_30
D24,68K_S\R\A\M\_\O\E\,IO_80
E22,68K_S\R\A\M\_\W\E\,IO_101
D18,68K_SIZ0,IO_74
E17,68K_SIZ1,IO_97
F15,68K_T\A\,IO_118
D13,68K_T\B\I\,IO_69
J13,68K_T\C\I\,IO_184
D14,68K_T\E\A\,IO_70
C15,68K_T\I\P\,IO_45
C17,68K_T\S\,IO_47
C20,68K_TLN0,IO_50
D20,68K_TLN1,IO_76
G20,68K_TM0,IO_148
D21,68K_TM1,IO_77
E18,68K_TM2,IO_98
H10,68K_TT0,IO_163
E8,68K_TT1,IO_91
G10,68K_UPA0,IO_138
D7,68K_UPA1,IO_63
P25,68K_W\P\,IO_247/CRC_ERROR
H24,ABUS_CTRL_CLK_o,IO_174
H25,ABUS_CTRL_IN_o,IO_175
H26,ABUS_CTRL_LATCH_o,IO_176
J25,ABUS_DATA_CLK_o,IO_193
K26,ABUS_DATA_IN0_o,IO_204
K25,ABUS_DATA_IN1_o,IO_203
J26,ABUS_DATA_LATCH_o,IO_194
G24,ABUS_R\S\T\_o,IO_152
G28,ABUS_SID_CLK_o,IO_156/W\E\
G27,ABUS_SID_IN_o,IO_155/O\E\
G26,ABUS_SID_LATCH_o,IO_154
V21,AUD_P\D\,IO_298
AC25,AUD2_BICK,IO_402
AE27,AUD2_LRCK,IO_454
AB24,AUD2_MCLK,IO_379
AD26,AUD2_SDTI,IO_425
Y23,AUD3_BICK,IO_332
AB25,AUD3_LRCK,IO_380
W22,AUD3_MCLK,IO_313
AA24,AUD3_SDTI,IO_353
C26,Audio Mute,IO_56
C27,Audio Standby,IO_57
AH21,BOOT_MODE0,IO_509
AC18,BOOT_MODE1,IO_397
J3,BTX_BUZZER,IO_177
G25,CHIPTUNE_R\S\T\,IO_153
Y27,CLK_24.576Mhz,CLK6
W21,CODEC_ADC_BCLK,IO_312
Y22,CODEC_ADC_DAT,IO_331
AA23,CODEC_ADC_LRCK,IO_352
AF27,CODEC_ADC_MCLK,IO_481
AG19,CODEC_CE,IO_492
AF19,CODEC_CL,IO_473
AA22,CODEC_DAC_BCLK,IO_351
AC24,CODEC_DAC_DAT,IO_401
AB23,CODEC_DAC_LRCK,IO_378
AE26,CODEC_DAC_MCLK,IO_453
AH19,CODEC_DI,IO_508
K8,GLOBAL_RESETn_io,IO_200
F25,CONFIG_C\S\,IO_125
D25,CONFIG_MISO,IO_81
E25,CONFIG_MOSI,IO_103
F24,CONFIG_SCLK,IO_124
C23,CPU_SPEED,IO_53/PLL2_CLKn
AH10,DBG_RX,IO_503
AG10,DBG_TX,IO_487
E26,DCSG_CLK,IO_104
D26,DCSG_RDY,IO_82
AD19,ETH_C\S\,IO_420
AE20,ETH_FIFO_SEL,IO_447
AG21,ETH_I\R\Q\,IO_493
AH22,ETH_R\S\T\,IO_510
F1,F_SD_CD,IO_107
F2,F_SD_CLK,IO_108
G6,F_SD_CMD,IO_134/R\E\S\E\T\
F3,F_SD_DAT0,IO_109
F5,F_SD_DAT1,IO_111
G4,F_SD_DAT2,IO_132
G5,F_SD_DAT3,IO_133
E1,F_SD_WP,IO_85
K22,GAMMA_MODE_A,IO_202
K21,GAMMA_MODE_B,IO_201
L22,HI-RES_MODE_A,IO_216
L21,HI-RES_MODE_B,IO_215
AB22,IDE_C\S\0\,IO_377
Y19,IDE_C\S\1\,IO_330
AF25,IDE_DATA_DIR,IO_479
AG26,IDE_DATA_O\E\,IO_497
AF26,IDE_INTRQ,IO_480
AA21,IDE_IORDY,IO_350
AB21,IDE_R\E\S\E\T\,IO_376
D2,INT_POWER_LED,IO_59
AD25,IO_A0,IO_424
AE25,IO_A1,IO_452
AD24,IO_A2,IO_423
AF21,IO_A3,IO_475
AG22,IO_A4,IO_494
AH23,IO_A5,IO_511
AE19,IO_A6,IO_446
AF20,IO_A7,IO_474
AA19,IO_D0,IO_349
AC21,IO_D1,IO_399
AF24,IO_D2,IO_478
AH26,IO_D3,IO_513
AD21,IO_D4,IO_421
AH25,IO_D5,IO_512
AC19,IO_D6,IO_398
AF22,IO_D7,IO_476
AG23,IO_D8,IO_495
AE21,IO_D9,IO_448
AB18,IO_D10,IO_373
AE22,IO_D11,IO_449
AB19,IO_D12,IO_374
AG25,IO_D13,IO_496
AD22,IO_D14,IO_422
AB20,IO_D15,IO_375
AC22,IO_R\D\,IO_400
AE24,IO_W\R\,IO_451
R1,JOY0_BTN0,IO_251
A6,JOY0_BTN1,IO_3
B6,JOY0_BTN2,IO_19
J19,JOY0_DWN,IO_189
H21,JOY0_LFT,IO_171
G22,JOY0_RGHT,IO_150
H19,JOY0_UP,IO_170
M2,JOY1_BTN0,IO_224
N3,JOY1_BTN1,IO_237
P2,JOY1_BTN2,IO_245
M1,JOY1_DWN,IO_223
N8,JOY1_LFT,IO_240
N4,JOY1_RGHT,IO_238
M3,JOY1_UP,IO_225
P1,JOYSTICK0_RLY,IO_244
M4,JOYSTICK1_RLY,IO_226
P5,JTAG_TCK,TCK
P7,JTAG_TDI,TDI
P6,JTAG_TDO,TDO
P8,JTAG_TMS,TMS
H5,KBD_C\S\,IO_159
H7,KBD_CLK,IO_161
G1,KBD_I\N\T\,IO_129
G2,KBD_MISO,IO_130
H4,KBD_MOSI,IO_158
V22,LPC_CLK_32Khz,IO_299
AC26,LPC_I\R\Q\,IO_403
AD27,LPC_L\D\R\Q\,IO_426
AD28,LPC_L\F\R\A\M\E\,IO_427
AA25,LPC_LAD0,IO_354
Y24,LPC_LAD1,IO_333
AC28,LPC_LAD2,IO_405
AC27,LPC_LAD3,IO_404
AE28,LPC_R\S\T\,IO_455
C2,MACHINE_ID0,IO_32
D1,MACHINE_ID1,IO_58
J6,MTX_CLK,IO_180
H3,MTX_LATCH,IO_157
H6,MTX_SERIAL_IN,IO_160
E28,OPL3_CLK,IO_106
F28,OPL3_I\N\T\,IO_128/A\V\D\
D27,OPM_CLK,IO_83
F26,OPM_I\N\T\,IO_126
D28,OPN2_CLK,IO_84
F27,OPN2_I\N\T\,IO_127
A15,OSC_CLK_14.318Mhz,CLK8
Y28,OSC_CLK_22.579Mhz,CLK7
AG14,OSC_CLK_25.175Mhz,CLK15
AH15,OSC_CLK_25.175Mhz,CLK12
B15,OSC_CLK_33.333Mhz,CLK9
AH14,OSC_CLK_40.000Mhz,CLK14
Y2,OSC_CLK_40.000Mhz,CLK2
AG15,OSC_CLK_65.000Mhz,CLK13
D23,PCLK_OUT (not used),IO_79/PLL2_CLKp
E3,POWER_LED_RGB,IO_87
K3,RTC_\O\E\,IO_197
L5,RTC_A0,IO_211
L7,RTC_A1,IO_213
L8,RTC_A2,IO_214
K2,RTC_A3,IO_196
K1,RTC_C\S\,IO_195
L3,RTC_D0,IO_209
L1,RTC_D1,IO_207
M7,RTC_D2,IO_228
M5,RTC_D3,IO_227
M8,RTC_D4,IO_229
L2,RTC_D5,IO_208
L4,RTC_D6,IO_210
L6,RTC_D7,IO_212
K4,RTC_I\N\T\,IO_198
K7,RTC_R/W\,IO_199
J4,SDCARD_LED,IO_178
E27,SID_CLK,IO_105
G3,STS_CLK,IO_131
J7,STS_LATCH,IO_181
J5,STS_SERIAL_IN,IO_179
U21,SYSRAM_A0,IO_282
U22,SYSRAM_A1,IO_283
U23,SYSRAM_A2,IO_284
U24,SYSRAM_A3,IO_285
U25,SYSRAM_A4,IO_286
U26,SYSRAM_A5,IO_287
U27,SYSRAM_A6,IO_288
U28,SYSRAM_A7,IO_289
T21,SYSRAM_A8,IO_270/D\E\V\_\C\L\R\
T22,SYSRAM_A9,IO_271/DEV_OE
V28,SYSRAM_A10,IO_305
T25,SYSRAM_A11,IO_272
T26,SYSRAM_A12,IO_273
V26,SYSRAM_BA0,IO_303
V27,SYSRAM_BA1,IO_304
V23,SYSRAM_C\A\S\,IO_300
V25,SYSRAM_C\S\0\,IO_302
R21,SYSRAM_CKE,IO_258
R22,SYSRAM_CLK,IO_259
N21,SYSRAM_DQ0,IO_241
N25,SYSRAM_DQ1,IO_242
N26,SYSRAM_DQ2,IO_243
M21,SYSRAM_DQ3,IO_230
M23,SYSRAM_DQ4,IO_231
M24,SYSRAM_DQ5,IO_232
M25,SYSRAM_DQ6,IO_233
M26,SYSRAM_DQ7,IO_234
L28,SYSRAM_DQ8,IO_222
L27,SYSRAM_DQ9,IO_221
L26,SYSRAM_DQ10,IO_220
L25,SYSRAM_DQ11,IO_219
L24,SYSRAM_DQ12,IO_218
L23,SYSRAM_DQ13,IO_217
K28,SYSRAM_DQ14,IO_206
K27,SYSRAM_DQ15,IO_205
AB26,SYSRAM_DQ16,IO_381
AB27,SYSRAM_DQ17,IO_382
AB28,SYSRAM_DQ18,IO_383
AA26,SYSRAM_DQ19,IO_355
Y26,SYSRAM_DQ20,IO_335
Y25,SYSRAM_DQ21,IO_334
W25,SYSRAM_DQ22,IO_314
W26,SYSRAM_DQ23,IO_315
R24,SYSRAM_DQ24,IO_261
R25,SYSRAM_DQ25,IO_262
R26,SYSRAM_DQ26,IO_263
R27,SYSRAM_DQ27,IO_264
R28,SYSRAM_DQ28,IO_265
P21,SYSRAM_DQ29,IO_246
P27,SYSRAM_DQ30,IO_249/CLKUSR
P28,SYSRAM_DQ31,IO_250/C\E\O\
M27,SYSRAM_DQM0,IO_235
M28,SYSRAM_DQM1,IO_236
W27,SYSRAM_DQM2,IO_316
R23,SYSRAM_DQM3,IO_260
V24,SYSRAM_R\A\S\,IO_301
W28,SYSRAM_W\E\,IO_317
E21,USER0,IO_100
F21,USER1,IO_122
G23,VClock_Slct_DIN,IO_151
H23,VClock_Slct_S\Y\N\C\0\,IO_173
J24,VClock_Slct_S\Y\N\C\1\,IO_192
J23,VClock_Slct_SCLK,IO_191
AE23,VID_A_CLK_P,IO_450/PLL4_CLKp
AA17,VID_A_DE,IO_348
AA16,VID_A_HP_I\N\T\1\,IO_347
Y17,VID_A_HSYNC,IO_329
AH17,VID_A_PIX0,IO_506
AG17,VID_A_PIX1,IO_490
AF17,VID_A_PIX2,IO_471
AB17,VID_A_PIX3,IO_372
AC17,VID_A_PIX4,IO_396
AD17,VID_A_PIX5,IO_418
AE17,VID_A_PIX6,IO_444
AH18,VID_A_PIX7,IO_507
AG18,VID_A_PIX8,IO_491
AF18,VID_A_PIX9,IO_472
AD18,VID_A_PIX10,IO_419
AE18,VID_A_PIX11,IO_445
Y16,VID_A_R\S\T\,IO_328
Y14,VID_A_SPC,IO_326
AE14,VID_A_SPD,IO_441
AB16,VID_A_VSYNC,IO_371
AE5,VID_B_CLK_P,IO_432/PLL1_CLKp
AH11,VID_B_DE,IO_504
AG11,VID_B_HP_I\N\T\1\,IO_488
AD14,VID_B_HSYNC,IO_416
AF12,VID_B_PIX0,IO_466
AG12,VID_B_PIX1,IO_489
AH12,VID_B_PIX2,IO_505
AF14,VID_B_PIX3,IO_468
AA15,VID_B_PIX4,IO_346
AB15,VID_B_PIX5,IO_370
AC15,VID_B_PIX6,IO_395
AF15,VID_B_PIX7,IO_469
AE15,VID_B_PIX8,IO_442
AD15,VID_B_PIX9,IO_417
AF16,VID_B_PIX10,IO_470
AE16,VID_B_PIX11,IO_443
AF11,VID_B_R\S\T\,IO_465
AB14,VID_B_VSYNC,IO_369
B14,VideoClock_Out_A,CLK11
A14,VideoClock_Out_B,CLK10
T8,VRAM_A_A0,IO_269
T7,VRAM_A_A1,IO_268
T4,VRAM_A_A2,IO_267
R7,VRAM_A_A3,IO_257
R6,VRAM_A_A4,IO_256
R2,VRAM_A_A5,IO_252
R3,VRAM_A_A6,IO_253
R4,VRAM_A_A7,IO_254
R5,VRAM_A_A8,IO_255
AB6,VRAM_A_A9,IO_361
AC2,VRAM_A_A10,IO_385
AC4,VRAM_A_A11,IO_387
AD1,VRAM_A_A12,IO_406
AD3,VRAM_A_A13,IO_408
AE2,VRAM_A_A14,IO_429
AE1,VRAM_A_A15,IO_428
AD2,VRAM_A_A16,IO_407
AC5,VRAM_A_A17,IO_388
AC3,VRAM_A_A18,IO_386
AC1,VRAM_A_A19,IO_384
U8,VRAM_A_DQ0,IO_281
V6,VRAM_A_DQ1,IO_295
V8,VRAM_A_DQ2,IO_297
W8,VRAM_A_DQ3,IO_311
Y6,VRAM_A_DQ4,IO_321
AA4,VRAM_A_DQ5,IO_337
AA6,VRAM_A_DQ6,IO_339
AB4,VRAM_A_DQ7,IO_359
AB3,VRAM_A_DQ8,IO_358
AB1,VRAM_A_DQ9,IO_356
Y4,VRAM_A_DQ10,IO_319
W4,VRAM_A_DQ11,IO_309
U4,VRAM_A_DQ12,IO_277
W2,VRAM_A_DQ13,IO_307
V4,VRAM_A_DQ14,IO_293
V2,VRAM_A_DQ15,IO_291
T3,VRAM_A_DQ16,IO_266
V1,VRAM_A_DQ17,IO_290
V3,VRAM_A_DQ18,IO_292
W1,VRAM_A_DQ19,IO_306
W3,VRAM_A_DQ20,IO_308
Y3,VRAM_A_DQ21,IO_318
AA3,VRAM_A_DQ22,IO_336
AB2,VRAM_A_DQ23,IO_357
AA7,VRAM_A_DQ24,IO_340
AA5,VRAM_A_DQ25,IO_338
Y7,VRAM_A_DQ26,IO_322
Y5,VRAM_A_DQ27,IO_320
W7,VRAM_A_DQ28,IO_310
V7,VRAM_A_DQ29,IO_296
V5,VRAM_A_DQ30,IO_294
U7,VRAM_A_DQ31,IO_280
U3,VRAM_A_DQM0,IO_276
U2,VRAM_A_DQM1,IO_275
U6,VRAM_A_DQM2,IO_279
U5,VRAM_A_DQM3,IO_278
U1,VRAM_A_O\E\,IO_274
AB5,VRAM_A_W\E\,IO_360
AG3,VRAM_B_A0,IO_482
AF4,VRAM_B_A1,IO_458
AF3,VRAM_B_A2,IO_457
AF2,VRAM_B_A3,IO_456
AE3,VRAM_B_A4,IO_430
AH4,VRAM_B_A5,IO_499
AH6,VRAM_B_A6,IO_500
AG6,VRAM_B_A7,IO_484
AG7,VRAM_B_A8,IO_485
Y12,VRAM_B_A9,IO_324
AA13,VRAM_B_A10,IO_344
AE13,VRAM_B_A11,IO_440
AF13,VRAM_B_A12,IO_467
Y15,VRAM_B_A13,IO_327
AF10,VRAM_B_A14,IO_464
AH8,VRAM_B_A15,IO_502
AA14,VRAM_B_A16,IO_345
AC14,VRAM_B_A17,IO_394
AB13,VRAM_B_A18,IO_368
Y13,VRAM_B_A19,IO_325
AD4,VRAM_B_DQ0,IO_409
AF6,VRAM_B_DQ1,IO_460
AF7,VRAM_B_DQ2,IO_461
AD7,VRAM_B_DQ3,IO_411
AB9,VRAM_B_DQ4,IO_364
AD10,VRAM_B_DQ5,IO_413
AB10,VRAM_B_DQ6,IO_365
Y10,VRAM_B_DQ7,IO_323
AB12,VRAM_B_DQ8,IO_367
AD12,VRAM_B_DQ9,IO_415
AB11,VRAM_B_DQ10,IO_366
AD11,VRAM_B_DQ11,IO_414
AB7,VRAM_B_DQ12,IO_362
AE8,VRAM_B_DQ13,IO_435
AC8,VRAM_B_DQ14,IO_390
AA8,VRAM_B_DQ15,IO_341
AC7,VRAM_B_DQ16,IO_389
AF8,VRAM_B_DQ17,IO_462
AD8,VRAM_B_DQ18,IO_412
AB8,VRAM_B_DQ19,IO_363
AE11,VRAM_B_DQ20,IO_438
AC11,VRAM_B_DQ21,IO_392
AE12,VRAM_B_DQ22,IO_439
AC12,VRAM_B_DQ23,IO_393
AA10,VRAM_B_DQ24,IO_342
AC10,VRAM_B_DQ25,IO_391
AE10,VRAM_B_DQ26,IO_437
AE9,VRAM_B_DQ27,IO_436
AE7,VRAM_B_DQ28,IO_434
AE6,VRAM_B_DQ29,IO_433
AD5,VRAM_B_DQ30,IO_410
AE4,VRAM_B_DQ31,IO_431
AF9,VRAM_B_DQM0,IO_463
AG8,VRAM_B_DQM1,IO_486
AH3,VRAM_B_DQM2,IO_498
AG4,VRAM_B_DQM3,IO_483
AH7,VRAM_B_O\E\,IO_501
AA12,VRAM_B_W\E\,IO_343
